[
    {
        "latitude": 47.546,
        "longitude": 21.642,
        "altitude": 50,
        "speed": 20,
        "is_fly_through": true
    },
    {
        "latitude": 47.554,
        "longitude": 21.621,
        "altitude": 50,
        "speed": 20,
        "is_fly_through": true
    },
    {
        "latitude": 47.549,
        "longitude": 21.608,
        "altitude": 50,
        "speed": 20,
        "is_fly_through": true
    },
    {
        "latitude": 47.532,
        "longitude": 21.608,
        "altitude": 50,
        "speed": 20,
        "is_fly_through": true
    }

]
